name,dex_number,type_1,type_2,generation,num_of_images,pre_evolution,evolution,folder_name,family_leader,family_id
Bulbasaur,1,grass,poison,generation-i,15,None,Ivysaur,001-bulbasaur,Bulbasaur,0
Ivysaur,2,grass,poison,generation-i,15,Bulbasaur,Venusaur,002-ivysaur,Bulbasaur,0
Venusaur,3,grass,poison,generation-i,15,Ivysaur,,003-venusaur,Bulbasaur,0
Charmander,4,fire,,generation-i,15,None,Charmeleon,004-charmander,Charmander,1
Charmeleon,5,fire,,generation-i,15,Charmander,Charizard,005-charmeleon,Charmander,1
Charizard,6,fire,flying,generation-i,15,Charmeleon,,006-charizard,Charmander,1
Squirtle,7,water,,generation-i,15,None,Wartortle,007-squirtle,Squirtle,2
Wartortle,8,water,,generation-i,15,Squirtle,Blastoise,008-wartortle,Squirtle,2
Blastoise,9,water,,generation-i,15,Wartortle,,009-blastoise,Squirtle,2
Caterpie,10,bug,,generation-i,15,None,Metapod,010-caterpie,Caterpie,3
Metapod,11,bug,,generation-i,15,Caterpie,Butterfree,011-metapod,Caterpie,3
Butterfree,12,bug,flying,generation-i,15,Metapod,,012-butterfree,Caterpie,3
Weedle,13,bug,poison,generation-i,15,None,Kakuna,013-weedle,Weedle,4
Kakuna,14,bug,poison,generation-i,15,Weedle,Beedrill,014-kakuna,Weedle,4
Beedrill,15,bug,poison,generation-i,15,Kakuna,,015-beedrill,Weedle,4
Pidgey,16,normal,flying,generation-i,15,None,Pidgeotto,016-pidgey,Pidgey,5
Pidgeotto,17,normal,flying,generation-i,15,Pidgey,Pidgeot,017-pidgeotto,Pidgey,5
Pidgeot,18,normal,flying,generation-i,15,Pidgeotto,,018-pidgeot,Pidgey,5
Rattata,19,normal,,generation-i,15,None,Raticate,019-rattata,Rattata,6
Raticate,20,normal,,generation-i,15,Rattata,,020-raticate,Rattata,6
Spearow,21,normal,flying,generation-i,15,None,Fearow,021-spearow,Spearow,7
Fearow,22,normal,flying,generation-i,15,Spearow,,022-fearow,Spearow,7
Ekans,23,poison,,generation-i,15,None,Arbok,023-ekans,Ekans,8
Arbok,24,poison,,generation-i,15,Ekans,,024-arbok,Ekans,8
Pikachu,25,electric,,generation-i,15,Pichu,Raichu,025-pikachu,Pichu,9
Raichu,26,electric,,generation-i,15,Pikachu,,026-raichu,Pichu,9
Sandshrew,27,ground,,generation-i,15,None,Sandslash,027-sandshrew,Sandshrew,10
Sandslash,28,ground,,generation-i,15,Sandshrew,,028-sandslash,Sandshrew,10
Nidoran-f,29,poison,,generation-i,15,None,Nidorina,029-nidoran-f,Nidoran-f,11
Nidorina,30,poison,,generation-i,15,Nidoran-f,Nidoqueen,030-nidorina,Nidoran-f,11
Nidoqueen,31,poison,ground,generation-i,15,Nidorina,,031-nidoqueen,Nidoran-f,11
Nidoran-m,32,poison,,generation-i,15,None,Nidorino,032-nidoran-m,Nidoran-m,12
Nidorino,33,poison,,generation-i,15,Nidoran-m,Nidoking,033-nidorino,Nidoran-m,12
Nidoking,34,poison,ground,generation-i,15,Nidorino,,034-nidoking,Nidoran-m,12
Clefairy,35,fairy,,generation-i,15,Cleffa,Clefable,035-clefairy,Cleffa,13
Clefable,36,fairy,,generation-i,15,Clefairy,,036-clefable,Cleffa,13
Vulpix,37,fire,,generation-i,15,None,Ninetales,037-vulpix,Vulpix,14
Ninetales,38,fire,,generation-i,15,Vulpix,,038-ninetales,Vulpix,14
Jigglypuff,39,normal,fairy,generation-i,15,Igglybuff,Wigglytuff,039-jigglypuff,Igglybuff,15
Wigglytuff,40,normal,fairy,generation-i,15,Jigglypuff,,040-wigglytuff,Igglybuff,15
Zubat,41,poison,flying,generation-i,15,None,Golbat,041-zubat,Zubat,16
Golbat,42,poison,flying,generation-i,15,Zubat,Crobat,042-golbat,Zubat,16
Oddish,43,grass,poison,generation-i,15,None,Gloom,043-oddish,Oddish,17
Gloom,44,grass,poison,generation-i,15,Oddish,Vileplume,044-gloom,Oddish,17
Vileplume,45,grass,poison,generation-i,15,Gloom,,045-vileplume,Oddish,17
Paras,46,bug,grass,generation-i,15,None,Parasect,046-paras,Paras,18
Parasect,47,bug,grass,generation-i,15,Paras,,047-parasect,Paras,18
Venonat,48,bug,poison,generation-i,15,None,Venomoth,048-venonat,Venonat,19
Venomoth,49,bug,poison,generation-i,15,Venonat,,049-venomoth,Venonat,19
Diglett,50,ground,,generation-i,15,None,Dugtrio,050-diglett,Diglett,20
Dugtrio,51,ground,,generation-i,15,Diglett,,051-dugtrio,Diglett,20
Meowth,52,normal,,generation-i,15,None,Persian,052-meowth,Meowth,21
Persian,53,normal,,generation-i,15,Meowth,,053-persian,Meowth,21
Psyduck,54,water,,generation-i,15,None,Golduck,054-psyduck,Psyduck,22
Golduck,55,water,,generation-i,15,Psyduck,,055-golduck,Psyduck,22
Mankey,56,fighting,,generation-i,15,None,Primeape,056-mankey,Mankey,23
Primeape,57,fighting,,generation-i,15,Mankey,Annihilape,057-primeape,Mankey,23
Growlithe,58,fire,,generation-i,15,None,Arcanine,058-growlithe,Growlithe,24
Arcanine,59,fire,,generation-i,15,Growlithe,,059-arcanine,Growlithe,24
Poliwag,60,water,,generation-i,15,None,Poliwhirl,060-poliwag,Poliwag,25
Poliwhirl,61,water,,generation-i,15,Poliwag,Poliwrath,061-poliwhirl,Poliwag,25
Poliwrath,62,water,fighting,generation-i,15,Poliwhirl,,062-poliwrath,Poliwag,25
Abra,63,psychic,,generation-i,15,None,Kadabra,063-abra,Abra,26
Kadabra,64,psychic,,generation-i,15,Abra,Alakazam,064-kadabra,Abra,26
Alakazam,65,psychic,,generation-i,15,Kadabra,,065-alakazam,Abra,26
Machop,66,fighting,,generation-i,15,None,Machoke,066-machamp,Machop,27
Machoke,67,fighting,,generation-i,15,Machop,Machamp,067-machoke,Machop,27
Machamp,68,fighting,,generation-i,15,Machoke,,068-machamp,Machop,27
Bellsprout,69,grass,poison,generation-i,15,None,Weepinbell,069-bellsprout,Bellsprout,28
Weepinbell,70,grass,poison,generation-i,15,Bellsprout,Victreebel,070-weepinbell,Bellsprout,28
Victreebel,71,grass,poison,generation-i,15,Weepinbell,,071-victreebel,Bellsprout,28
Tentacool,72,water,poison,generation-i,15,None,Tentacruel,072-tentacool,Tentacool,29
Tentacruel,73,water,poison,generation-i,15,Tentacool,,073-tentacruel,Tentacool,29
Geodude,74,rock,ground,generation-i,15,None,Graveler,074-geodude,Geodude,30
Graveler,75,rock,ground,generation-i,15,Geodude,Golem,075-graveler,Geodude,30
Golem,76,rock,ground,generation-i,15,Graveler,,076-golem,Geodude,30
Ponyta,77,fire,,generation-i,15,None,Rapidash,077-ponyta,Ponyta,31
Rapidash,78,fire,,generation-i,15,Ponyta,,078-rapidash,Ponyta,31
Slowpoke,79,water,psychic,generation-i,15,None,Slowbro,079-slowpoke,Slowpoke,32
Slowbro,80,water,psychic,generation-i,15,Slowpoke,,080-slowbro,Slowpoke,32
Magnemite,81,electric,steel,generation-i,15,None,Magneton,081-magnemite,Magnemite,33
Magneton,82,electric,steel,generation-i,15,Magnemite,Magnezone,082-magneton,Magnemite,33
Farfetchd,83,normal,flying,generation-i,15,None,Sirfetchd,083-farfetchd,Farfetchd,34
Doduo,84,normal,flying,generation-i,15,None,Dodrio,084-doduo,Doduo,35
Dodrio,85,normal,flying,generation-i,15,Doduo,,085-dodrio,Doduo,35
Seel,86,water,,generation-i,15,None,Dewgong,086-seel,Seel,36
Dewgong,87,water,ice,generation-i,15,Seel,,087-dewgong,Seel,36
Grimer,88,poison,,generation-i,15,None,Muk,088-grimer,Grimer,37
Muk,89,poison,,generation-i,15,Grimer,,089-muk,Grimer,37
Shellder,90,water,,generation-i,15,None,Cloyster,090-shellder,Shellder,38
Cloyster,91,water,ice,generation-i,15,Shellder,,091-cloyster,Shellder,38
Gastly,92,ghost,poison,generation-i,15,None,Haunter,092-gastly,Gastly,39
Haunter,93,ghost,poison,generation-i,15,Gastly,Gengar,093-haunter,Gastly,39
Gengar,94,ghost,poison,generation-i,15,Haunter,,094-gengar,Gastly,39
Onix,95,rock,ground,generation-i,15,None,Steelix,095-onix,Onix,40
Drowzee,96,psychic,,generation-i,15,None,Hypno,096-drowzee,Drowzee,41
Hypno,97,psychic,,generation-i,15,Drowzee,,097-hypno,Drowzee,41
Krabby,98,water,,generation-i,15,None,Kingler,098-krabby,Krabby,42
Kingler,99,water,,generation-i,15,Krabby,,099-kingler,Krabby,42
Voltorb,100,electric,,generation-i,15,None,Electrode,100-voltorb,Voltorb,43
Electrode,101,electric,,generation-i,15,Voltorb,,101-electrode,Voltorb,43
Exeggcute,102,grass,psychic,generation-i,15,None,Exeggutor,102-exeggcute,Exeggcute,44
Exeggutor,103,grass,psychic,generation-i,15,Exeggcute,,103-exeggutor,Exeggcute,44
Cubone,104,ground,,generation-i,15,None,Marowak,104-cubone,Cubone,45
Marowak,105,ground,,generation-i,15,Cubone,,105-marowak,Cubone,45
Hitmonlee,106,fighting,,generation-i,15,Tyrogue,,106-hitmonlee,Tyrogue,46
Hitmonchan,107,fighting,,generation-i,15,Tyrogue,,107-hitmonchan,Tyrogue,46
Lickitung,108,normal,,generation-i,15,None,Lickilicky,108-lickitung,Lickitung,47
Koffing,109,poison,,generation-i,15,None,Weezing,109-koffing,Koffing,48
Weezing,110,poison,,generation-i,15,Koffing,,110-weezing,Koffing,48
Rhyhorn,111,ground,rock,generation-i,15,None,Rhydon,111-rhyhorn,Rhyhorn,49
Rhydon,112,ground,rock,generation-i,15,Rhyhorn,Rhyperior,112-rhydon,Rhyhorn,49
Chansey,113,normal,,generation-i,15,Happiny,Blissey,113-chansey,Happiny,50
Tangela,114,grass,,generation-i,15,None,Tangrowth,114-tangela,Tangela,51
Kangaskhan,115,normal,,generation-i,15,None,,115-kangaskhan,Kangaskhan,52
Horsea,116,water,,generation-i,15,None,Seadra,116-horsea,Horsea,53
Seadra,117,water,,generation-i,15,Horsea,Kingdra,117-seadra,Horsea,53
Goldeen,118,water,,generation-i,15,None,Seaking,118-goldeen,Goldeen,54
Seaking,119,water,,generation-i,15,Goldeen,,119-seaking,Goldeen,54
Staryu,120,water,,generation-i,15,None,Starmie,120-staryu,Staryu,55
Starmie,121,water,psychic,generation-i,15,Staryu,,121-starmie,Staryu,55
Mr-mime,122,psychic,fairy,generation-i,15,Mime-jr,Mr-rime,122-mr-mime,Mime-jr,56
Scyther,123,bug,flying,generation-i,15,None,Scizor,123-scyther,Scyther,57
Jynx,124,ice,psychic,generation-i,15,Smoochum,,124-jynx,Smoochum,58
Electabuzz,125,electric,,generation-i,15,Elekid,Electivire,125-electabuzz,Elekid,59
Magmar,126,fire,,generation-i,15,Magby,Magmortar,126-magmar,Magby,60
Pinsir,127,bug,,generation-i,15,None,,127-pinsir,Pinsir,61
Tauros,128,normal,,generation-i,15,None,,128-tauros,Tauros,62
Magikarp,129,water,,generation-i,15,None,Gyarados,129-magikarp,Magikarp,63
Gyarados,130,water,flying,generation-i,15,Magikarp,,130-gyarados,Magikarp,63
Lapras,131,water,ice,generation-i,15,None,,131-lapras,Lapras,64
Ditto,132,normal,,generation-i,15,None,,132-ditto,Ditto,65
Eevee,133,normal,,generation-i,15,None,Vaporeon,133-eevee,Eevee,66
Vaporeon,134,water,,generation-i,15,Eevee,,134-vaporeon,Eevee,66
Jolteon,135,electric,,generation-i,15,Eevee,,135-jolteon,Eevee,66
Flareon,136,fire,,generation-i,15,Eevee,,136-flareon,Eevee,66
Porygon,137,normal,,generation-i,15,None,Porygon2,137-porygon,Porygon,67
Omanyte,138,rock,water,generation-i,15,None,Omastar,138-omanyte,Omanyte,68
Omastar,139,rock,water,generation-i,15,Omanyte,,139-omastar,Omanyte,68
Kabuto,140,rock,water,generation-i,15,None,Kabutops,140-kabuto,Kabuto,69
Kabutops,141,rock,water,generation-i,15,Kabuto,,141-kabutops,Kabuto,69
Aerodactyl,142,rock,flying,generation-i,15,None,,142-aerodactyl,Aerodactyl,70
Snorlax,143,normal,,generation-i,15,Munchlax,,143-snorlax,Munchlax,71
Articuno,144,ice,flying,generation-i,15,None,,144-articuno,Articuno,72
Zapdos,145,electric,flying,generation-i,15,None,,145-zapdos,Zapdos,73
Moltres,146,fire,flying,generation-i,15,None,,146-moltres,Moltres,74
Dratini,147,dragon,,generation-i,15,None,Dragonair,147-dratini,Dratini,75
Dragonair,148,dragon,,generation-i,15,Dratini,Dragonite,148-dragonair,Dratini,75
Dragonite,149,dragon,flying,generation-i,15,Dragonair,,149-dragonite,Dratini,75
Mewtwo,150,psychic,,generation-i,15,None,,150-mewtwo,Mewtwo,76
Mew,151,psychic,,generation-i,15,None,,151-mew,Mew,77
Chikorita,152,grass,,generation-ii,11,None,Bayleef,152-chikorita,Chikorita,78
Bayleef,153,grass,,generation-ii,11,Chikorita,Meganium,153-bayleef,Chikorita,78
Meganium,154,grass,,generation-ii,11,Bayleef,,154-meganium,Chikorita,78
Cyndaquil,155,fire,,generation-ii,11,None,Quilava,155-cyndaquil,Cyndaquil,79
Quilava,156,fire,,generation-ii,11,Cyndaquil,Typhlosion,156-quilava,Cyndaquil,79
Typhlosion,157,fire,,generation-ii,11,Quilava,,157-typhlosion,Cyndaquil,79
Totodile,158,water,,generation-ii,11,None,Croconaw,158-totodile,Totodile,80
Croconaw,159,water,,generation-ii,11,Totodile,Feraligatr,159-croconaw,Totodile,80
Feraligatr,160,water,,generation-ii,11,Croconaw,,160-feraligatr,Totodile,80
Sentret,161,normal,,generation-ii,11,None,Furret,161-sentret,Sentret,81
Furret,162,normal,,generation-ii,11,Sentret,,162-furret,Sentret,81
Hoothoot,163,normal,flying,generation-ii,11,None,Noctowl,163-hoothoot,Hoothoot,82
Noctowl,164,normal,flying,generation-ii,11,Hoothoot,,164-noctowl,Hoothoot,82
Ledyba,165,bug,flying,generation-ii,11,None,Ledian,165-ledyba,Ledyba,83
Ledian,166,bug,flying,generation-ii,11,Ledyba,,166-ledian,Ledyba,83
Spinarak,167,bug,poison,generation-ii,11,None,Ariados,167-spinarak,Spinarak,84
Ariados,168,bug,poison,generation-ii,11,Spinarak,,168-ariados,Spinarak,84
Crobat,169,poison,flying,generation-ii,11,Golbat,,169-crobat,Zubat,16
Chinchou,170,water,electric,generation-ii,11,None,Lanturn,170-chinchou,Chinchou,85
Lanturn,171,water,electric,generation-ii,11,Chinchou,,171-lanturn,Chinchou,85
Pichu,172,electric,,generation-ii,11,None,Pikachu,172-pichu,Pichu,9
Cleffa,173,fairy,,generation-ii,11,None,Clefairy,173-cleffa,Cleffa,13
Igglybuff,174,normal,fairy,generation-ii,11,None,Jigglypuff,174-igglybuff,Igglybuff,15
Togepi,175,fairy,,generation-ii,11,None,Togetic,175-togepi,Togepi,86
Togetic,176,fairy,flying,generation-ii,11,Togepi,Togekiss,176-togetic,Togepi,86
Natu,177,psychic,flying,generation-ii,11,None,Xatu,177-natu,Natu,87
Xatu,178,psychic,flying,generation-ii,11,Natu,,178-xatu,Natu,87
Mareep,179,electric,,generation-ii,11,None,Flaaffy,179-mareep,Mareep,88
Flaaffy,180,electric,,generation-ii,11,Mareep,Ampharos,180-flaaffy,Mareep,88
Ampharos,181,electric,,generation-ii,11,Flaaffy,,181-ampharos,Mareep,88
Bellossom,182,grass,,generation-ii,11,Gloom,,182-bellossom,Oddish,17
Marill,183,water,fairy,generation-ii,11,Azurill,Azumarill,183-marill,Azurill,89
Azumarill,184,water,fairy,generation-ii,11,Marill,,184-azumarill,Azurill,89
Sudowoodo,185,rock,,generation-ii,11,Bonsly,,185-sudowoodo,Bonsly,90
Politoed,186,water,,generation-ii,11,Poliwhirl,,186-politoed,Poliwag,25
Hoppip,187,grass,flying,generation-ii,11,None,Skiploom,187-hoppip,Hoppip,91
Skiploom,188,grass,flying,generation-ii,11,Hoppip,Jumpluff,188-skiploom,Hoppip,91
Jumpluff,189,grass,flying,generation-ii,11,Skiploom,,189-jumpluff,Hoppip,91
Aipom,190,normal,,generation-ii,11,None,Ambipom,190-aipom,Aipom,92
Sunkern,191,grass,,generation-ii,11,None,Sunflora,191-sunkern,Sunkern,93
Sunflora,192,grass,,generation-ii,11,Sunkern,,192-sunflora,Sunkern,93
Yanma,193,bug,flying,generation-ii,11,None,Yanmega,193-yanma,Yanma,94
Wooper,194,water,ground,generation-ii,11,None,Quagsire,194-wooper,Wooper,95
Quagsire,195,water,ground,generation-ii,11,Wooper,,195-quagsire,Wooper,95
Espeon,196,psychic,,generation-ii,11,Eevee,,196-espeon,Eevee,66
Umbreon,197,dark,,generation-ii,11,Eevee,,197-umbreon,Eevee,66
Murkrow,198,dark,flying,generation-ii,11,None,Honchkrow,198-murkrow,Murkrow,96
Slowking,199,water,psychic,generation-ii,11,Slowpoke,,199-slowking,Slowpoke,32
Misdreavus,200,ghost,,generation-ii,11,None,Mismagius,200-misdreavus,Misdreavus,97
Unown,201,psychic,,generation-ii,11,None,,201-unown,Unown,98
Wobbuffet,202,psychic,,generation-ii,11,Wynaut,,202-wobbuffet,Wynaut,99
Girafarig,203,normal,psychic,generation-ii,11,None,Farigiraf,203-girafarig,Girafarig,100
Pineco,204,bug,,generation-ii,11,None,Forretress,204-pineco,Pineco,101
Forretress,205,bug,steel,generation-ii,11,Pineco,,205-forretress,Pineco,101
Dunsparce,206,normal,,generation-ii,11,None,Dudunsparce,206-dunsparce,Dunsparce,102
Gligar,207,ground,flying,generation-ii,11,None,Gliscor,207-gligar,Gligar,103
Steelix,208,steel,ground,generation-ii,11,Onix,,208-steelix,Onix,40
Snubbull,209,fairy,,generation-ii,11,None,Granbull,209-snubbull,Snubbull,104
Granbull,210,fairy,,generation-ii,11,Snubbull,,210-granbull,Snubbull,104
Qwilfish,211,water,poison,generation-ii,11,None,Overqwil,211-qwilfish,Qwilfish,105
Scizor,212,bug,steel,generation-ii,11,Scyther,,212-scizor,Scyther,57
Shuckle,213,bug,rock,generation-ii,11,None,,213-shuckle,Shuckle,106
Sneasel,215,dark,ice,generation-ii,11,None,Weavile,215-sneasel,Sneasel,107
Teddiursa,216,normal,,generation-ii,11,None,Ursaring,216-teddiursa,Teddiursa,108
Ursaring,217,normal,,generation-ii,11,Teddiursa,Ursaluna,217-ursaring,Teddiursa,108
Slugma,218,fire,,generation-ii,11,None,Magcargo,218-slugma,Slugma,109
Magcargo,219,fire,rock,generation-ii,11,Slugma,,219-magcargo,Slugma,109
Swinub,220,ice,ground,generation-ii,11,None,Piloswine,220-swinub,Swinub,110
Piloswine,221,ice,ground,generation-ii,11,Swinub,Mamoswine,221-piloswine,Swinub,110
Corsola,222,water,rock,generation-ii,11,None,Cursola,222-corsola,Corsola,111
Remoraid,223,water,,generation-ii,11,None,Octillery,223-remoraid,Remoraid,112
Octillery,224,water,,generation-ii,11,Remoraid,,224-octillery,Remoraid,112
Delibird,225,ice,flying,generation-ii,11,None,,225-delibird,Delibird,113
Mantine,226,water,flying,generation-ii,11,Mantyke,,226-mantine,Mantyke,114
Skarmory,227,steel,flying,generation-ii,11,None,,227-skarmory,Skarmory,115
Houndour,228,dark,fire,generation-ii,11,None,Houndoom,228-houndour,Houndour,116
Houndoom,229,dark,fire,generation-ii,11,Houndour,,229-houndoom,Houndour,116
Kingdra,230,water,dragon,generation-ii,11,Seadra,,230-kingdra,Horsea,53
Phanpy,231,ground,,generation-ii,11,None,Donphan,231-phanpy,Phanpy,117
Donphan,232,ground,,generation-ii,11,Phanpy,,232-donphan,Phanpy,117
Porygon2,233,normal,,generation-ii,11,Porygon,Porygon-z,233-porygon2,Porygon,67
Stantler,234,normal,,generation-ii,11,None,Wyrdeer,234-stantler,Stantler,118
Smeargle,235,normal,,generation-ii,11,None,,235-smeargle,Smeargle,119
Tyrogue,236,fighting,,generation-ii,11,None,Hitmonlee,236-tyrogue,Tyrogue,46
Hitmontop,237,fighting,,generation-ii,11,Tyrogue,,237-hitmontop,Tyrogue,46
Smoochum,238,ice,psychic,generation-ii,11,None,Jynx,238-smoochum,Smoochum,58
Elekid,239,electric,,generation-ii,11,None,Electabuzz,239-elekid,Elekid,59
Magby,240,fire,,generation-ii,11,None,Magmar,240-magby,Magby,60
Miltank,241,normal,,generation-ii,11,None,,241-miltank,Miltank,120
Blissey,242,normal,,generation-ii,11,Chansey,,242-blissey,Happiny,50
Raikou,243,electric,,generation-ii,11,None,,243-raikou,Raikou,121
Entei,244,fire,,generation-ii,11,None,,244-entei,Entei,122
Suicune,245,water,,generation-ii,11,None,,245-suicune,Suicune,123
Larvitar,246,rock,ground,generation-ii,11,None,Pupitar,246-larvitar,Larvitar,124
Pupitar,247,rock,ground,generation-ii,11,Larvitar,Tyranitar,247-pupitar,Larvitar,124
Tyranitar,248,rock,dark,generation-ii,11,Pupitar,,248-tyranitar,Larvitar,124
Lugia,249,psychic,flying,generation-ii,11,None,,249-lugia,Lugia,125
Ho-oh,250,fire,flying,generation-ii,11,None,,250-ho-oh,Ho-oh,126
Celebi,251,psychic,grass,generation-ii,11,None,,251-celebi,Celebi,127
Treecko,252,grass,,generation-iii,8,None,Grovyle,252-treecko,Treecko,128
Grovyle,253,grass,,generation-iii,8,Treecko,Sceptile,253-grovyle,Treecko,128
Sceptile,254,grass,,generation-iii,8,Grovyle,,254-sceptile,Treecko,128
Torchic,255,fire,,generation-iii,8,None,Combusken,255-torchic,Torchic,129
Combusken,256,fire,fighting,generation-iii,8,Torchic,Blaziken,256-combusken,Torchic,129
Blaziken,257,fire,fighting,generation-iii,8,Combusken,,257-blaziken,Torchic,129
Mudkip,258,water,,generation-iii,8,None,Marshtomp,258-mudkip,Mudkip,130
Marshtomp,259,water,ground,generation-iii,8,Mudkip,Swampert,259-marshtomp,Mudkip,130
Swampert,260,water,ground,generation-iii,8,Marshtomp,,260-swampert,Mudkip,130
Poochyena,261,dark,,generation-iii,8,None,Mightyena,261-poochyena,Poochyena,131
Mightyena,262,dark,,generation-iii,8,Poochyena,,262-mightyena,Poochyena,131
Zigzagoon,263,normal,,generation-iii,8,None,Linoone,263-zigzagoon,Zigzagoon,132
Linoone,264,normal,,generation-iii,8,Zigzagoon,Obstagoon,264-linoone,Zigzagoon,132
Wurmple,265,bug,,generation-iii,8,None,Silcoon,265-wurmple,Wurmple,133
Silcoon,266,bug,,generation-iii,8,Wurmple,Beautifly,266-silcoon,Wurmple,133
Beautifly,267,bug,flying,generation-iii,8,Silcoon,,267-beautifly,Wurmple,133
Cascoon,268,bug,,generation-iii,8,Wurmple,Dustox,268-cascoon,Wurmple,133
Dustox,269,bug,poison,generation-iii,8,Cascoon,,269-dustox,Wurmple,133
Lotad,270,water,grass,generation-iii,8,None,Lombre,270-lotad,Lotad,134
Lombre,271,water,grass,generation-iii,8,Lotad,Ludicolo,271-lombre,Lotad,134
Ludicolo,272,water,grass,generation-iii,8,Lombre,,272-ludicolo,Lotad,134
Seedot,273,grass,,generation-iii,8,None,Nuzleaf,273-seedot,Seedot,135
Nuzleaf,274,grass,dark,generation-iii,8,Seedot,Shiftry,274-nuzleaf,Seedot,135
Shiftry,275,grass,dark,generation-iii,8,Nuzleaf,,275-shiftry,Seedot,135
Taillow,276,normal,flying,generation-iii,8,None,Swellow,276-taillow,Taillow,136
Swellow,277,normal,flying,generation-iii,8,Taillow,,277-swellow,Taillow,136
Wingull,278,water,flying,generation-iii,8,None,Pelipper,278-wingull,Wingull,137
Pelipper,279,water,flying,generation-iii,8,Wingull,,279-pelipper,Wingull,137
Ralts,280,psychic,fairy,generation-iii,8,None,Kirlia,280-ralts,Ralts,138
Kirlia,281,psychic,fairy,generation-iii,8,Ralts,Gardevoir,281-kirlia,Ralts,138
Gardevoir,282,psychic,fairy,generation-iii,8,Kirlia,,282-gardevoir,Ralts,138
Surskit,283,bug,water,generation-iii,8,None,Masquerain,283-surskit,Surskit,139
Masquerain,284,bug,flying,generation-iii,8,Surskit,,284-masquerain,Surskit,139
Shroomish,285,grass,,generation-iii,8,None,Breloom,285-shroomish,Shroomish,140
Breloom,286,grass,fighting,generation-iii,8,Shroomish,,286-breloom,Shroomish,140
Slakoth,287,normal,,generation-iii,8,None,Vigoroth,287-slakoth,Slakoth,141
Vigoroth,288,normal,,generation-iii,8,Slakoth,Slaking,288-vigoroth,Slakoth,141
Slaking,289,normal,,generation-iii,8,Vigoroth,,289-slaking,Slakoth,141
Nincada,290,bug,ground,generation-iii,8,None,Ninjask,290-nincada,Nincada,142
Ninjask,291,bug,flying,generation-iii,8,Nincada,,291-ninjask,Nincada,142
Shedinja,292,bug,ghost,generation-iii,8,Nincada,,292-shedinja,Nincada,142
Whismur,293,normal,,generation-iii,8,None,Loudred,293-whismur,Whismur,143
Loudred,294,normal,,generation-iii,8,Whismur,Exploud,294-loudred,Whismur,143
Exploud,295,normal,,generation-iii,8,Loudred,,295-exploud,Whismur,143
Makuhita,296,fighting,,generation-iii,8,None,Hariyama,296-makuhita,Makuhita,144
Hariyama,297,fighting,,generation-iii,8,Makuhita,,297-hariyama,Makuhita,144
Azurill,298,normal,fairy,generation-iii,8,None,Marill,298-azurill,Azurill,89
Nosepass,299,rock,,generation-iii,8,None,Probopass,299-nosepass,Nosepass,145
Skitty,300,normal,,generation-iii,8,None,Delcatty,300-skitty,Skitty,146
Delcatty,301,normal,,generation-iii,8,Skitty,,301-delcatty,Skitty,146
Sableye,302,dark,ghost,generation-iii,8,None,,302-sableye,Sableye,147
Mawile,303,steel,fairy,generation-iii,8,None,,303-mawile,Mawile,148
Aron,304,steel,rock,generation-iii,8,None,Lairon,304-aron,Aron,149
Lairon,305,steel,rock,generation-iii,8,Aron,Aggron,305-lairon,Aron,149
Aggron,306,steel,rock,generation-iii,8,Lairon,,306-aggron,Aron,149
Meditite,307,fighting,psychic,generation-iii,8,None,Medicham,307-meditite,Meditite,150
Medicham,308,fighting,psychic,generation-iii,8,Meditite,,308-medicham,Meditite,150
Electrike,309,electric,,generation-iii,8,None,Manectric,309-electrike,Electrike,151
Manectric,310,electric,,generation-iii,8,Electrike,,310-manectric,Electrike,151
Plusle,311,electric,,generation-iii,8,None,,311-plusle,Plusle,152
Minun,312,electric,,generation-iii,8,None,,312-minun,Minun,153
Volbeat,313,bug,,generation-iii,8,None,,313-volbeat,Volbeat,154
Illumise,314,bug,,generation-iii,8,None,,314-illumise,Illumise,155
Roselia,315,grass,poison,generation-iii,8,Budew,Roserade,315-roselia,Budew,156
Gulpin,316,poison,,generation-iii,8,None,Swalot,316-gulpin,Gulpin,157
Swalot,317,poison,,generation-iii,8,Gulpin,,317-swalot,Gulpin,157
Carvanha,318,water,dark,generation-iii,8,None,Sharpedo,318-carvanha,Carvanha,158
Sharpedo,319,water,dark,generation-iii,8,Carvanha,,319-sharpedo,Carvanha,158
Wailmer,320,water,,generation-iii,8,None,Wailord,320-wailmer,Wailmer,159
Wailord,321,water,,generation-iii,8,Wailmer,,321-wailord,Wailmer,159
Numel,322,fire,ground,generation-iii,8,None,Camerupt,322-numel,Numel,160
Camerupt,323,fire,ground,generation-iii,8,Numel,,323-camerupt,Numel,160
Torkoal,324,fire,,generation-iii,8,None,,324-torkoal,Torkoal,161
Spoink,325,psychic,,generation-iii,8,None,Grumpig,325-spoink,Spoink,162
Grumpig,326,psychic,,generation-iii,8,Spoink,,326-grumpig,Spoink,162
Spinda,327,normal,,generation-iii,8,None,,327-spinda,Spinda,163
Trapinch,328,ground,,generation-iii,8,None,Vibrava,328-trapinch,Trapinch,164
Vibrava,329,ground,dragon,generation-iii,8,Trapinch,Flygon,329-vibrava,Trapinch,164
Flygon,330,ground,dragon,generation-iii,8,Vibrava,,330-flygon,Trapinch,164
Cacnea,331,grass,,generation-iii,8,None,Cacturne,331-cacnea,Cacnea,165
Cacturne,332,grass,dark,generation-iii,8,Cacnea,,332-cacturne,Cacnea,165
Swablu,333,normal,flying,generation-iii,8,None,Altaria,333-swablu,Swablu,166
Altaria,334,dragon,flying,generation-iii,8,Swablu,,334-altaria,Swablu,166
Zangoose,335,normal,,generation-iii,8,None,,335-zangoose,Zangoose,167
Seviper,336,poison,,generation-iii,8,None,,336-seviper,Seviper,168
Lunatone,337,rock,psychic,generation-iii,8,None,,337-lunatone,Lunatone,169
Solrock,338,rock,psychic,generation-iii,8,None,,338-solrock,Solrock,170
Barboach,339,water,ground,generation-iii,8,None,Whiscash,339-barboach,Barboach,171
Whiscash,340,water,ground,generation-iii,8,Barboach,,340-whiscash,Barboach,171
Corphish,341,water,,generation-iii,8,None,Crawdaunt,341-corphish,Corphish,172
Crawdaunt,342,water,dark,generation-iii,8,Corphish,,342-crawdaunt,Corphish,172
Baltoy,343,ground,psychic,generation-iii,8,None,Claydol,343-baltoy,Baltoy,173
Claydol,344,ground,psychic,generation-iii,8,Baltoy,,344-claydol,Baltoy,173
Lileep,345,rock,grass,generation-iii,8,None,Cradily,345-lileep,Lileep,174
Cradily,346,rock,grass,generation-iii,8,Lileep,,346-cradily,Lileep,174
Anorith,347,rock,bug,generation-iii,8,None,Armaldo,347-anorith,Anorith,175
Armaldo,348,rock,bug,generation-iii,8,Anorith,,348-armaldo,Anorith,175
Feebas,349,water,,generation-iii,8,None,Milotic,349-feebas,Feebas,176
Milotic,350,water,,generation-iii,8,Feebas,,350-milotic,Feebas,176
Castform,351,normal,,generation-iii,8,None,,351-castform,Castform,177
Kecleon,352,normal,,generation-iii,8,None,,352-kecleon,Kecleon,178
Shuppet,353,ghost,,generation-iii,8,None,Banette,353-shuppet,Shuppet,179
Banette,354,ghost,,generation-iii,8,Shuppet,,354-banette,Shuppet,179
Duskull,355,ghost,,generation-iii,8,None,Dusclops,355-duskull,Duskull,180
Dusclops,356,ghost,,generation-iii,8,Duskull,Dusknoir,356-dusclops,Duskull,180
Tropius,357,grass,flying,generation-iii,8,None,,357-tropius,Tropius,181
Chimecho,358,psychic,,generation-iii,8,Chingling,,358-chimecho,Chingling,182
Absol,359,dark,,generation-iii,8,None,,359-absol,Absol,183
Wynaut,360,psychic,,generation-iii,8,None,Wobbuffet,360-wynaut,Wynaut,99
Snorunt,361,ice,,generation-iii,8,None,Glalie,361-snorunt,Snorunt,184
Glalie,362,ice,,generation-iii,8,Snorunt,,362-glalie,Snorunt,184
Spheal,363,ice,water,generation-iii,8,None,Sealeo,363-spheal,Spheal,185
Sealeo,364,ice,water,generation-iii,8,Spheal,Walrein,364-sealeo,Spheal,185
Walrein,365,ice,water,generation-iii,8,Sealeo,,365-walrein,Spheal,185
Clamperl,366,water,,generation-iii,8,None,Huntail,366-clamperl,Clamperl,186
Huntail,367,water,,generation-iii,8,Clamperl,,367-huntail,Clamperl,186
Gorebyss,368,water,,generation-iii,8,Clamperl,,368-gorebyss,Clamperl,186
Relicanth,369,water,rock,generation-iii,8,None,,369-relicanth,Relicanth,187
Luvdisc,370,water,,generation-iii,8,None,,370-luvdisc,Luvdisc,188
Bagon,371,dragon,,generation-iii,8,None,Shelgon,371-bagon,Bagon,189
Shelgon,372,dragon,,generation-iii,8,Bagon,Salamence,372-shelgon,Bagon,189
Salamence,373,dragon,flying,generation-iii,8,Shelgon,,373-salamence,Bagon,189
Beldum,374,steel,psychic,generation-iii,8,None,Metang,374-beldum,Beldum,190
Metang,375,steel,psychic,generation-iii,8,Beldum,Metagross,375-metang,Beldum,190
Metagross,376,steel,psychic,generation-iii,8,Metang,,376-metagross,Beldum,190
Regirock,377,rock,,generation-iii,8,None,,377-regirock,Regirock,191
Regice,378,ice,,generation-iii,8,None,,378-regice,Regice,192
Registeel,379,steel,,generation-iii,8,None,,379-registeel,Registeel,193
Latias,380,dragon,psychic,generation-iii,8,None,,380-latias,Latias,194
Latios,381,dragon,psychic,generation-iii,8,None,,381-latios,Latios,195
Kyogre,382,water,,generation-iii,8,None,,382-kyogre,Kyogre,196
Groudon,383,ground,,generation-iii,8,None,,383-groudon,Groudon,197
Rayquaza,384,dragon,flying,generation-iii,8,None,,384-rayquaza,Rayquaza,198
Jirachi,385,steel,psychic,generation-iii,8,None,,385-jirachi,Jirachi,199
Deoxys-normal,386,psychic,,generation-iii,8,None,,386-deoxys-normal,Deoxys-normal,200
Turtwig,387,grass,,generation-iv,6,None,Grotle,387-turtwig,Turtwig,201
Grotle,388,grass,,generation-iv,6,Turtwig,Torterra,388-grotle,Turtwig,201
Torterra,389,grass,ground,generation-iv,6,Grotle,,389-torterra,Turtwig,201
Chimchar,390,fire,,generation-iv,6,None,Monferno,390-chimchar,Chimchar,202
Monferno,391,fire,fighting,generation-iv,6,Chimchar,Infernape,391-monferno,Chimchar,202
Infernape,392,fire,fighting,generation-iv,6,Monferno,,392-infernape,Chimchar,202
Piplup,393,water,,generation-iv,6,None,Prinplup,393-piplup,Piplup,203
Prinplup,394,water,,generation-iv,6,Piplup,Empoleon,394-prinplup,Piplup,203
Empoleon,395,water,steel,generation-iv,6,Prinplup,,395-empoleon,Piplup,203
Starly,396,normal,flying,generation-iv,6,None,Staravia,396-starly,Starly,204
Staravia,397,normal,flying,generation-iv,6,Starly,Staraptor,397-staravia,Starly,204
Staraptor,398,normal,flying,generation-iv,6,Staravia,,398-staraptor,Starly,204
Bidoof,399,normal,,generation-iv,6,None,Bibarel,399-bidoof,Bidoof,205
Bibarel,400,normal,water,generation-iv,6,Bidoof,,400-bibarel,Bidoof,205
Kricketot,401,bug,,generation-iv,6,None,Kricketune,401-kricketot,Kricketot,206
Kricketune,402,bug,,generation-iv,6,Kricketot,,402-kricketune,Kricketot,206
Shinx,403,electric,,generation-iv,6,None,Luxio,403-shinx,Shinx,207
Luxio,404,electric,,generation-iv,6,Shinx,Luxray,404-luxio,Shinx,207
Luxray,405,electric,,generation-iv,6,Luxio,,405-luxray,Shinx,207
Budew,406,grass,poison,generation-iv,6,None,Roselia,406-budew,Budew,156
Roserade,407,grass,poison,generation-iv,6,Roselia,,407-roserade,Budew,156
Cranidos,408,rock,,generation-iv,6,None,Rampardos,408-cranidos,Cranidos,208
Rampardos,409,rock,,generation-iv,6,Cranidos,,409-rampardos,Cranidos,208
Shieldon,410,rock,steel,generation-iv,6,None,Bastiodon,410-shieldon,Shieldon,209
Bastiodon,411,rock,steel,generation-iv,6,Shieldon,,411-bastiodon,Shieldon,209
Burmy,412,bug,,generation-iv,6,None,Wormadam,412-burmy,Burmy,210
Wormadam-plant,413,bug,grass,generation-iv,6,None,,413-wormadam-plant,Wormadam-plant,211
Mothim,414,bug,flying,generation-iv,6,Burmy,,414-mothim,Burmy,210
Combee,415,bug,flying,generation-iv,6,None,Vespiquen,415-combee,Combee,212
Vespiquen,416,bug,flying,generation-iv,6,Combee,,416-vespiquen,Combee,212
Pachirisu,417,electric,,generation-iv,6,None,,417-pachirisu,Pachirisu,213
Buizel,418,water,,generation-iv,6,None,Floatzel,418-buizel,Buizel,214
Floatzel,419,water,,generation-iv,6,Buizel,,419-floatzel,Buizel,214
Cherubi,420,grass,,generation-iv,6,None,Cherrim,420-cherubi,Cherubi,215
Cherrim,421,grass,,generation-iv,6,Cherubi,,421-cherrim,Cherubi,215
Shellos,422,water,,generation-iv,6,None,Gastrodon,422-shellos,Shellos,216
Gastrodon,423,water,ground,generation-iv,6,Shellos,,423-gastrodon,Shellos,216
Ambipom,424,normal,,generation-iv,6,Aipom,,424-ambipom,Aipom,92
Drifloon,425,ghost,flying,generation-iv,6,None,Drifblim,425-drifloon,Drifloon,217
Drifblim,426,ghost,flying,generation-iv,6,Drifloon,,426-drifblim,Drifloon,217
Buneary,427,normal,,generation-iv,6,None,Lopunny,427-buneary,Buneary,218
Lopunny,428,normal,,generation-iv,6,Buneary,,428-lopunny,Buneary,218
Mismagius,429,ghost,,generation-iv,6,Misdreavus,,429-mismagius,Misdreavus,97
Honchkrow,430,dark,flying,generation-iv,6,Murkrow,,430-honchkrow,Murkrow,96
Glameow,431,normal,,generation-iv,6,None,Purugly,431-glameow,Glameow,219
Purugly,432,normal,,generation-iv,6,Glameow,,432-purugly,Glameow,219
Chingling,433,psychic,,generation-iv,6,None,Chimecho,433-chingling,Chingling,182
Stunky,434,poison,dark,generation-iv,6,None,Skuntank,434-stunky,Stunky,220
Skuntank,435,poison,dark,generation-iv,6,Stunky,,435-skuntank,Stunky,220
Bronzor,436,steel,psychic,generation-iv,6,None,Bronzong,436-bronzor,Bronzor,221
Bronzong,437,steel,psychic,generation-iv,6,Bronzor,,437-bronzong,Bronzor,221
Bonsly,438,rock,,generation-iv,6,None,Sudowoodo,438-bonsly,Bonsly,90
Mime-jr,439,psychic,fairy,generation-iv,6,None,Mr-mime,439-mime-jr,Mime-jr,56
Happiny,440,normal,,generation-iv,6,None,Chansey,440-happiny,Happiny,50
Chatot,441,normal,flying,generation-iv,6,None,,441-chatot,Chatot,222
Spiritomb,442,ghost,dark,generation-iv,6,None,,442-spiritomb,Spiritomb,223
Gible,443,dragon,ground,generation-iv,6,None,Gabite,443-gible,Gible,224
Gabite,444,dragon,ground,generation-iv,6,Gible,Garchomp,444-gabite,Gible,224
Garchomp,445,dragon,ground,generation-iv,6,Gabite,,445-garchomp,Gible,224
Munchlax,446,normal,,generation-iv,6,None,Snorlax,446-munchlax,Munchlax,71
Riolu,447,fighting,,generation-iv,6,None,Lucario,447-riolu,Riolu,225
Lucario,448,fighting,steel,generation-iv,6,Riolu,,448-lucario,Riolu,225
Hippopotas,449,ground,,generation-iv,6,None,Hippowdon,449-hippopotas,Hippopotas,226
Hippowdon,450,ground,,generation-iv,6,Hippopotas,,450-hippowdon,Hippopotas,226
Skorupi,451,poison,bug,generation-iv,6,None,Drapion,451-skorupi,Skorupi,227
Drapion,452,poison,dark,generation-iv,6,Skorupi,,452-drapion,Skorupi,227
Croagunk,453,poison,fighting,generation-iv,6,None,Toxicroak,453-croagunk,Croagunk,228
Toxicroak,454,poison,fighting,generation-iv,6,Croagunk,,454-toxicroak,Croagunk,228
Carnivine,455,grass,,generation-iv,6,None,,455-carnivine,Carnivine,229
Finneon,456,water,,generation-iv,6,None,Lumineon,456-finneon,Finneon,230
Lumineon,457,water,,generation-iv,6,Finneon,,457-lumineon,Finneon,230
Mantyke,458,water,flying,generation-iv,6,None,Mantine,458-mantyke,Mantyke,114
Snover,459,grass,ice,generation-iv,6,None,Abomasnow,459-snover,Snover,231
Abomasnow,460,grass,ice,generation-iv,6,Snover,,460-abomasnow,Snover,231
Weavile,461,dark,ice,generation-iv,6,Sneasel,,461-weavile,Sneasel,107
Magnezone,462,electric,steel,generation-iv,6,Magneton,,462-magnezone,Magnemite,33
Lickilicky,463,normal,,generation-iv,6,Lickitung,,463-lickilicky,Lickitung,47
Rhyperior,464,ground,rock,generation-iv,6,Rhydon,,464-rhyperior,Rhyhorn,49
Tangrowth,465,grass,,generation-iv,6,Tangela,,465-tangrowth,Tangela,51
Electivire,466,electric,,generation-iv,6,Electabuzz,,466-electivire,Elekid,59
Magmortar,467,fire,,generation-iv,6,Magmar,,467-magmortar,Magby,60
Togekiss,468,fairy,flying,generation-iv,6,Togetic,,468-togekiss,Togepi,86
Yanmega,469,bug,flying,generation-iv,6,Yanma,,469-yanmega,Yanma,94
Leafeon,470,grass,,generation-iv,6,Eevee,,470-leafeon,Eevee,66
Glaceon,471,ice,,generation-iv,6,Eevee,,471-glaceon,Eevee,66
Gliscor,472,ground,flying,generation-iv,6,Gligar,,472-gliscor,Gligar,103
Mamoswine,473,ice,ground,generation-iv,6,Piloswine,,473-mamoswine,Swinub,110
Porygon-z,474,normal,,generation-iv,6,Porygon2,,474-porygon-z,Porygon,67
Gallade,475,psychic,fighting,generation-iv,6,Kirlia,,475-gallade,Ralts,138
Probopass,476,rock,steel,generation-iv,6,Nosepass,,476-probopass,Nosepass,145
Dusknoir,477,ghost,,generation-iv,6,Dusclops,,477-dusknoir,Duskull,180
Froslass,478,ice,ghost,generation-iv,6,Snorunt,,478-froslass,Snorunt,184
Rotom,479,electric,ghost,generation-iv,6,None,,479-rotom,Rotom,232
Uxie,480,psychic,,generation-iv,6,None,,480-uxie,Uxie,233
Mesprit,481,psychic,,generation-iv,6,None,,481-mesprit,Mesprit,234
Azelf,482,psychic,,generation-iv,6,None,,482-azelf,Azelf,235
Dialga,483,steel,dragon,generation-iv,6,None,,483-dialga,Dialga,236
Palkia,484,water,dragon,generation-iv,6,None,,484-palkia,Palkia,237
Heatran,485,fire,steel,generation-iv,6,None,,485-heatran,Heatran,238
Regigigas,486,normal,,generation-iv,6,None,,486-regigigas,Regigigas,239
Giratina-altered,487,ghost,dragon,generation-iv,6,None,,487-giratina-altered,Giratina-altered,240
Cresselia,488,psychic,,generation-iv,6,None,,488-cresselia,Cresselia,241
Phione,489,water,,generation-iv,6,None,Manaphy,489-phione,Phione,242
Manaphy,490,water,,generation-iv,6,Phione,,490-manaphy,Phione,242
Darkrai,491,dark,,generation-iv,6,None,,491-darkrai,Darkrai,243
Shaymin-land,492,grass,,generation-iv,6,None,,492-shaymin-land,Shaymin-land,244
Arceus,493,normal,,generation-iv,6,None,,493-arceus,Arceus,245
Victini,494,psychic,fire,generation-v,2,None,,494-victini,Victini,246
Snivy,495,grass,,generation-v,2,None,Servine,495-snivy,Snivy,247
Servine,496,grass,,generation-v,2,Snivy,Serperior,496-servine,Snivy,247
Serperior,497,grass,,generation-v,2,Servine,,497-serperior,Snivy,247
Tepig,498,fire,,generation-v,2,None,Pignite,498-tepig,Tepig,248
Pignite,499,fire,fighting,generation-v,2,Tepig,Emboar,499-pignite,Tepig,248
Emboar,500,fire,fighting,generation-v,2,Pignite,,500-emboar,Tepig,248
Oshawott,501,water,,generation-v,2,None,Dewott,501-oshawott,Oshawott,249
Dewott,502,water,,generation-v,2,Oshawott,Samurott,502-dewott,Oshawott,249
Samurott,503,water,,generation-v,2,Dewott,,503-samurott,Oshawott,249
Patrat,504,normal,,generation-v,2,None,Watchog,504-patrat,Patrat,250
Watchog,505,normal,,generation-v,2,Patrat,,505-watchog,Patrat,250
Lillipup,506,normal,,generation-v,2,None,Herdier,506-lillipup,Lillipup,251
Herdier,507,normal,,generation-v,2,Lillipup,Stoutland,507-herdier,Lillipup,251
Stoutland,508,normal,,generation-v,2,Herdier,,508-stoutland,Lillipup,251
Purrloin,509,dark,,generation-v,2,None,Liepard,509-purrloin,Purrloin,252
Liepard,510,dark,,generation-v,2,Purrloin,,510-liepard,Purrloin,252
Pansage,511,grass,,generation-v,2,None,Simisage,511-pansage,Pansage,253
Simisage,512,grass,,generation-v,2,Pansage,,512-simisage,Pansage,253
Pansear,513,fire,,generation-v,2,None,Simisear,513-pansear,Pansear,254
Simisear,514,fire,,generation-v,2,Pansear,,514-simisear,Pansear,254
Panpour,515,water,,generation-v,2,None,Simipour,515-panpour,Panpour,255
Simipour,516,water,,generation-v,2,Panpour,,516-simipour,Panpour,255
Munna,517,psychic,,generation-v,2,None,Musharna,517-munna,Munna,256
Musharna,518,psychic,,generation-v,2,Munna,,518-musharna,Munna,256
Pidove,519,normal,flying,generation-v,2,None,Tranquill,519-pidove,Pidove,257
Tranquill,520,normal,flying,generation-v,2,Pidove,Unfezant,520-tranquill,Pidove,257
Unfezant,521,normal,flying,generation-v,2,Tranquill,,521-unfezant,Pidove,257
Blitzle,522,electric,,generation-v,2,None,Zebstrika,522-blitzle,Blitzle,258
Zebstrika,523,electric,,generation-v,2,Blitzle,,523-zebstrika,Blitzle,258
Roggenrola,524,rock,,generation-v,2,None,Boldore,524-roggenrola,Roggenrola,259
Boldore,525,rock,,generation-v,2,Roggenrola,Gigalith,525-boldore,Roggenrola,259
Gigalith,526,rock,,generation-v,2,Boldore,,526-gigalith,Roggenrola,259
Woobat,527,psychic,flying,generation-v,2,None,Swoobat,527-woobat,Woobat,260
Swoobat,528,psychic,flying,generation-v,2,Woobat,,528-swoobat,Woobat,260
Drilbur,529,ground,,generation-v,2,None,Excadrill,529-drilbur,Drilbur,261
Excadrill,530,ground,steel,generation-v,2,Drilbur,,530-excadrill,Drilbur,261
Audino,531,normal,,generation-v,2,None,,531-audino,Audino,262
Timburr,532,fighting,,generation-v,2,None,Gurdurr,532-timburr,Timburr,263
Gurdurr,533,fighting,,generation-v,2,Timburr,Conkeldurr,533-gurdurr,Timburr,263
Conkeldurr,534,fighting,,generation-v,2,Gurdurr,,534-conkeldurr,Timburr,263
Tympole,535,water,,generation-v,2,None,Palpitoad,535-tympole,Tympole,264
Palpitoad,536,water,ground,generation-v,2,Tympole,Seismitoad,536-palpitoad,Tympole,264
Seismitoad,537,water,ground,generation-v,2,Palpitoad,,537-seismitoad,Tympole,264
Throh,538,fighting,,generation-v,2,None,,538-throh,Throh,265
Sawk,539,fighting,,generation-v,2,None,,539-sawk,Sawk,266
Sewaddle,540,bug,grass,generation-v,2,None,Swadloon,540-sewaddle,Sewaddle,267
Swadloon,541,bug,grass,generation-v,2,Sewaddle,Leavanny,541-swadloon,Sewaddle,267
Leavanny,542,bug,grass,generation-v,2,Swadloon,,542-leavanny,Sewaddle,267
Venipede,543,bug,poison,generation-v,2,None,Whirlipede,543-venipede,Venipede,268
Whirlipede,544,bug,poison,generation-v,2,Venipede,Scolipede,544-whirlipede,Venipede,268
Scolipede,545,bug,poison,generation-v,2,Whirlipede,,545-scolipede,Venipede,268
Cottonee,546,grass,fairy,generation-v,2,None,Whimsicott,546-cottonee,Cottonee,269
Whimsicott,547,grass,fairy,generation-v,2,Cottonee,,547-whimsicott,Cottonee,269
Petilil,548,grass,,generation-v,2,None,Lilligant,548-petilil,Petilil,270
Lilligant,549,grass,,generation-v,2,Petilil,,549-lilligant,Petilil,270
Basculin-red-striped,550,water,,generation-v,2,None,,550-basculin-red-striped,Basculin-red-striped,271
Sandile,551,ground,dark,generation-v,2,None,Krokorok,551-sandile,Sandile,272
Krokorok,552,ground,dark,generation-v,2,Sandile,Krookodile,552-krokorok,Sandile,272
Krookodile,553,ground,dark,generation-v,2,Krokorok,,553-krookodile,Sandile,272
Darumaka,554,fire,,generation-v,2,None,Darmanitan,554-darumaka,Darumaka,273
Darmanitan-standard,555,fire,,generation-v,2,None,,555-darmanitan-standard,Darmanitan-standard,274
Maractus,556,grass,,generation-v,2,None,,556-maractus,Maractus,275
Dwebble,557,bug,rock,generation-v,2,None,Crustle,557-dwebble,Dwebble,276
Crustle,558,bug,rock,generation-v,2,Dwebble,,558-crustle,Dwebble,276
Scraggy,559,dark,fighting,generation-v,2,None,Scrafty,559-scraggy,Scraggy,277
Scrafty,560,dark,fighting,generation-v,2,Scraggy,,560-scrafty,Scraggy,277
Sigilyph,561,psychic,flying,generation-v,2,None,,561-sigilyph,Sigilyph,278
Yamask,562,ghost,,generation-v,2,None,Cofagrigus,562-yamask,Yamask,279
Cofagrigus,563,ghost,,generation-v,2,Yamask,,563-cofagrigus,Yamask,279
Tirtouga,564,water,rock,generation-v,2,None,Carracosta,564-tirtouga,Tirtouga,280
Carracosta,565,water,rock,generation-v,2,Tirtouga,,565-carracosta,Tirtouga,280
Archen,566,rock,flying,generation-v,2,None,Archeops,566-archen,Archen,281
Archeops,567,rock,flying,generation-v,2,Archen,,567-archeops,Archen,281
Trubbish,568,poison,,generation-v,2,None,Garbodor,568-trubbish,Trubbish,282
Garbodor,569,poison,,generation-v,2,Trubbish,,569-garbodor,Trubbish,282
Zorua,570,dark,,generation-v,2,None,Zoroark,570-zorua,Zorua,283
Zoroark,571,dark,,generation-v,2,Zorua,,571-zoroark,Zorua,283
Minccino,572,normal,,generation-v,2,None,Cinccino,572-minccino,Minccino,284
Cinccino,573,normal,,generation-v,2,Minccino,,573-cinccino,Minccino,284
Gothita,574,psychic,,generation-v,2,None,Gothorita,574-gothita,Gothita,285
Gothorita,575,psychic,,generation-v,2,Gothita,Gothitelle,575-gothorita,Gothita,285
Gothitelle,576,psychic,,generation-v,2,Gothorita,,576-gothitelle,Gothita,285
Solosis,577,psychic,,generation-v,2,None,Duosion,577-solosis,Solosis,286
Duosion,578,psychic,,generation-v,2,Solosis,Reuniclus,578-duosion,Solosis,286
Reuniclus,579,psychic,,generation-v,2,Duosion,,579-reuniclus,Solosis,286
Ducklett,580,water,flying,generation-v,2,None,Swanna,580-ducklett,Ducklett,287
Swanna,581,water,flying,generation-v,2,Ducklett,,581-swanna,Ducklett,287
Vanillite,582,ice,,generation-v,2,None,Vanillish,582-vanillite,Vanillite,288
Vanillish,583,ice,,generation-v,2,Vanillite,Vanilluxe,583-vanillish,Vanillite,288
Vanilluxe,584,ice,,generation-v,2,Vanillish,,584-vanilluxe,Vanillite,288
Deerling,585,normal,grass,generation-v,2,None,Sawsbuck,585-deerling,Deerling,289
Sawsbuck,586,normal,grass,generation-v,2,Deerling,,586-sawsbuck,Deerling,289
Emolga,587,electric,flying,generation-v,2,None,,587-emolga,Emolga,290
Karrablast,588,bug,,generation-v,2,None,Escavalier,588-karrablast,Karrablast,291
Escavalier,589,bug,steel,generation-v,2,Karrablast,,589-escavalier,Karrablast,291
Foongus,590,grass,poison,generation-v,2,None,Amoonguss,590-foongus,Foongus,292
Amoonguss,591,grass,poison,generation-v,2,Foongus,,591-amoonguss,Foongus,292
Frillish,592,water,ghost,generation-v,2,None,Jellicent,592-frillish,Frillish,293
Jellicent,593,water,ghost,generation-v,2,Frillish,,593-jellicent,Frillish,293
Alomomola,594,water,,generation-v,2,None,,594-alomomola,Alomomola,294
Joltik,595,bug,electric,generation-v,2,None,Galvantula,595-joltik,Joltik,295
Galvantula,596,bug,electric,generation-v,2,Joltik,,596-galvantula,Joltik,295
Ferroseed,597,grass,steel,generation-v,2,None,Ferrothorn,597-ferroseed,Ferroseed,296
Ferrothorn,598,grass,steel,generation-v,2,Ferroseed,,598-ferrothorn,Ferroseed,296
Klink,599,steel,,generation-v,2,None,Klang,599-klink,Klink,297
Klang,600,steel,,generation-v,2,Klink,Klinklang,600-klang,Klink,297
Klinklang,601,steel,,generation-v,2,Klang,,601-klinklang,Klink,297
Tynamo,602,electric,,generation-v,2,None,Eelektrik,602-tynamo,Tynamo,298
Eelektrik,603,electric,,generation-v,2,Tynamo,Eelektross,603-eelektrik,Tynamo,298
Eelektross,604,electric,,generation-v,2,Eelektrik,,604-eelektross,Tynamo,298
Elgyem,605,psychic,,generation-v,2,None,Beheeyem,605-elgyem,Elgyem,299
Beheeyem,606,psychic,,generation-v,2,Elgyem,,606-beheeyem,Elgyem,299
Litwick,607,ghost,fire,generation-v,2,None,Lampent,607-litwick,Litwick,300
Lampent,608,ghost,fire,generation-v,2,Litwick,Chandelure,608-lampent,Litwick,300
Chandelure,609,ghost,fire,generation-v,2,Lampent,,609-chandelure,Litwick,300
Axew,610,dragon,,generation-v,2,None,Fraxure,610-axew,Axew,301
Fraxure,611,dragon,,generation-v,2,Axew,Haxorus,611-fraxure,Axew,301
Haxorus,612,dragon,,generation-v,2,Fraxure,,612-haxorus,Axew,301
Cubchoo,613,ice,,generation-v,2,None,Beartic,613-cubchoo,Cubchoo,302
Beartic,614,ice,,generation-v,2,Cubchoo,,614-beartic,Cubchoo,302
Cryogonal,615,ice,,generation-v,2,None,,615-cryogonal,Cryogonal,303
Shelmet,616,bug,,generation-v,2,None,Accelgor,616-shelmet,Shelmet,304
Accelgor,617,bug,,generation-v,2,Shelmet,,617-accelgor,Shelmet,304
Stunfisk,618,ground,electric,generation-v,2,None,,618-stunfisk,Stunfisk,305
Mienfoo,619,fighting,,generation-v,2,None,Mienshao,619-mienfoo,Mienfoo,306
Mienshao,620,fighting,,generation-v,2,Mienfoo,,620-mienshao,Mienfoo,306
Druddigon,621,dragon,,generation-v,2,None,,621-druddigon,Druddigon,307
Golett,622,ground,ghost,generation-v,2,None,Golurk,622-golett,Golett,308
Golurk,623,ground,ghost,generation-v,2,Golett,,623-golurk,Golett,308
Pawniard,624,dark,steel,generation-v,2,None,Bisharp,624-pawniard,Pawniard,309
Bisharp,625,dark,steel,generation-v,2,Pawniard,Kingambit,625-bisharp,Pawniard,309
Bouffalant,626,normal,,generation-v,2,None,,626-bouffalant,Bouffalant,310
Rufflet,627,normal,flying,generation-v,2,None,Braviary,627-rufflet,Rufflet,311
Braviary,628,normal,flying,generation-v,2,Rufflet,,628-braviary,Rufflet,311
Vullaby,629,dark,flying,generation-v,2,None,Mandibuzz,629-vullaby,Vullaby,312
Mandibuzz,630,dark,flying,generation-v,2,Vullaby,,630-mandibuzz,Vullaby,312
Heatmor,631,fire,,generation-v,2,None,,631-heatmor,Heatmor,313
Durant,632,bug,steel,generation-v,2,None,,632-durant,Durant,314
Deino,633,dark,dragon,generation-v,2,None,Zweilous,633-deino,Deino,315
Zweilous,634,dark,dragon,generation-v,2,Deino,Hydreigon,634-zweilous,Deino,315
Hydreigon,635,dark,dragon,generation-v,2,Zweilous,,635-hydreigon,Deino,315
Larvesta,636,bug,fire,generation-v,2,None,Volcarona,636-larvesta,Larvesta,316
Volcarona,637,bug,fire,generation-v,2,Larvesta,,637-volcarona,Larvesta,316
Cobalion,638,steel,fighting,generation-v,2,None,,638-cobalion,Cobalion,317
Terrakion,639,rock,fighting,generation-v,2,None,,639-terrakion,Terrakion,318
Virizion,640,grass,fighting,generation-v,2,None,,640-virizion,Virizion,319
Tornadus-incarnate,641,flying,,generation-v,2,None,,641-tornadus-incarnate,Tornadus-incarnate,320
Thundurus-incarnate,642,electric,flying,generation-v,2,None,,642-thundurus-incarnate,Thundurus-incarnate,321
Reshiram,643,dragon,fire,generation-v,2,None,,643-reshiram,Reshiram,322
Zekrom,644,dragon,electric,generation-v,2,None,,644-zekrom,Zekrom,323
Landorus-incarnate,645,ground,flying,generation-v,2,None,,645-landorus-incarnate,Landorus-incarnate,324
Kyurem,646,dragon,ice,generation-v,2,None,,646-kyurem,Kyurem,325
Keldeo-ordinary,647,water,fighting,generation-v,2,None,,647-keldeo-ordinary,Keldeo-ordinary,326
Meloetta-aria,648,normal,psychic,generation-v,2,None,,648-meloetta-aria,Meloetta-aria,327
Genesect,649,bug,steel,generation-v,2,None,,649-genesect,Genesect,328
